scan_num,name,set,confidence,is_foil,reason,delta_bright_frac,delta_mean_s,delta_hue_range,scan_bright_frac,scan_mean_s,ref_bright_frac,ref_mean_s
1,Charge of the Mites,one,-0.1600,0,ok,-0.1243,-0.52,40.0,0.2491,10.12,0.3734,10.63
2,Cutthroat Centurion,one,0.7467,1,ok,-0.0687,-9.91,141.0,0.2024,8.17,0.2711,18.08
3,Blightbelly Rat,one,-0.5722,0,ok,-0.2530,-3.48,20.0,0.0081,13.13,0.2611,16.60
4,Indoctrination Attendant,one,-0.1168,0,ok,-0.1689,-2.79,64.0,0.2420,11.89,0.4109,14.68
5,Dune Mover,one,-0.2977,0,ok,-0.2227,-10.02,24.0,0.1810,26.32,0.4037,36.33
6,Crawling Chorus,one,0.2107,0,ok,-0.2836,-15.66,134.0,0.2312,7.96,0.5147,23.62
7,Infectious Inquiry,one,0.1527,0,ok,-0.0776,-7.61,39.0,0.2329,10.73,0.3105,18.35
8,Indoctrination Attendant,one,-0.2157,0,ok,-0.1726,-4.88,36.0,0.2382,9.79,0.4109,14.68
9,Charge of the Mites,one,-0.0556,0,ok,-0.1066,0.64,56.0,0.2668,11.27,0.3734,10.63
10,Thirsting Roots,one,0.3588,0,ok,-0.1107,-15.63,60.0,0.1974,12.10,0.3080,27.73
11,Quicksilver Fisher,one,-0.1270,0,ok,-0.1197,-4.09,26.0,0.2050,13.63,0.3247,17.72
12,Rustvine Cultivator,one,0.0489,0,ok,-0.1055,-2.62,60.0,0.1953,8.07,0.3008,10.69
13,Tenured Oilcaster,mom,-0.0381,0,ok,-0.0149,1.74,10.0,0.1929,8.17,0.2077,6.43
14,Alabaster Host Sanctifier,mom,-0.0124,0,ok,0.0073,2.37,5.0,0.3492,9.94,0.3419,7.57
15,Vanquish the Weak,mom,0.0404,0,ok,0.0135,1.20,6.0,0.1932,6.65,0.1797,5.45
16,Cut Short,mom,-1.1432,0,ok,-0.1438,5.27,-116.0,0.3141,21.17,0.4579,15.90
17,Zhalfirin Shapecraft,mom,-0.2180,0,ok,-0.1436,-7.71,4.0,0.2250,17.15,0.3686,24.86
18,Alabaster Host Sanctifier,mom,-0.2363,0,ok,-0.0632,3.27,7.0,0.2787,10.84,0.3419,7.57
19,Wary Thespian,mom,0.2361,0,ok,0.0922,-2.09,-18.5,0.1592,7.48,0.0671,9.56
20,Tidal Terror,mom,-0.0583,0,ok,-0.0732,-5.45,5.0,0.2685,20.88,0.3417,26.33
21,Onakke Javelineer,mom,-0.4108,0,ok,0.0199,18.02,-4.0,0.2850,45.60,0.2651,27.58
22,Ichor Shade,mom,0.0935,0,ok,0.0221,1.71,14.0,0.1875,7.99,0.1654,6.27
23,Seed of Hope,mom,0.1797,0,ok,0.1170,-1.34,-41.0,0.1923,15.07,0.0753,16.42
24,Iridescent Blademaster,mom,0.2601,0,ok,0.1186,-12.17,-80.0,0.1915,21.20,0.0729,33.37
25,Thunderhead Squadron,m20,-0.2522,0,ok,-0.0558,2.79,-3.0,0.2294,22.76,0.2852,19.97
26,Beamtown Beatstick,mom,-1.2109,0,ok,-0.0082,15.65,-159.0,0.2552,39.78,0.2633,24.13
27,Vanquish the Weak,,-0.3959,0,ok,-0.0662,7.89,0.0,0.1135,13.34,0.1797,5.45
28,Urn of Godfire,mom,0.9056,1,ok,0.0316,-4.83,138.0,0.2140,8.72,0.1824,13.56
29,Wary Thespian,mom,0.3668,0,ok,0.1065,-2.39,-2.5,0.1736,7.17,0.0671,9.56
30,Tidal Terror,mom,0.0024,0,ok,-0.1032,-10.28,11.0,0.2385,16.06,0.3417,26.33
31,Ichor Shade,mom,0.0000,0,insufficient_bright,,,,0.0003,0.00,0.0000,0.00
32,Seed of Hope,mom,-0.0988,0,ok,0.0893,-1.94,-83.0,0.1646,14.48,0.0753,16.42
33,Tarkir Duneshaper // Burnished Dunestomper,mom,-1.1019,0,ok,-0.0737,6.64,-143.0,0.2782,19.55,0.3518,12.92
34,Scrollshift,mom,-0.3107,0,ok,-0.0705,2.37,-8.0,0.2723,10.54,0.3428,8.17
35,Converter Beast,mom,0.4840,1,ok,0.1058,-2.27,22.0,0.1900,6.71,0.0842,8.98
36,Duress,fdn,0.5267,1,ok,-0.0122,6.27,144.0,0.1980,8.99,0.2101,2.72
37,Whisper of the Dross,one,0.6894,1,ok,-0.0163,-3.13,132.0,0.2668,18.93,0.2832,22.06
38,The Dross Pits,one,0.2095,0,ok,-0.0240,-3.27,40.0,0.0340,25.44,0.0580,28.71
39,Bonepicker Skirge,one,0.8137,1,ok,-0.0609,-7.46,162.0,0.2086,10.65,0.2695,18.11
40,Fleshless Gladiator,one,0.0468,0,ok,-0.0435,-4.50,13.0,0.1992,12.75,0.2427,17.25
41,Thornwood Falls,dsc,0.4563,1,ok,-0.0014,-15.82,13.0,0.1332,43.18,0.1346,59.00
42,Onakke Javelineer,mom,-0.3836,0,ok,0.0228,17.88,-1.0,0.2879,45.46,0.2651,27.58
43,Timberland Ancient,mom,0.8575,1,ok,0.0670,-7.65,93.0,0.1812,8.62,0.1141,16.28
44,Assimilate Essence,mom,-0.0036,0,ok,-0.1094,-11.59,7.0,0.2115,20.62,0.3209,32.21
45,Seed of Hope,mom,0.6358,1,ok,0.0958,-6.74,36.0,0.1711,9.68,0.0753,16.42
46,Saiba Cryptomancer,mom,0.0503,0,ok,-0.0666,-4.40,28.0,0.2438,21.89,0.3103,26.29
47,Overgrown Pest,mom,0.5928,1,ok,0.1050,-7.51,18.0,0.1849,9.47,0.0799,16.98
48,Flywheel Racer,mom,0.0377,0,ok,0.0164,-0.13,-3.0,0.2207,15.69,0.2042,15.82
49,Timberland Ancient,mom,0.2386,0,ok,-0.0372,-7.01,35.0,0.0769,9.26,0.1141,16.28
50,Cut Short,mom,-0.0583,0,ok,-0.0454,1.88,25.0,0.4126,17.78,0.4579,15.90
51,Crystal Carapace,mom,0.0484,0,ok,0.0283,0.86,-3.0,0.2247,16.92,0.1964,16.06
52,Skittering Surveyor,mom,-0.0469,0,ok,-0.0291,2.18,19.0,0.1392,16.79,0.1683,14.61
53,Zhalfirin Shapecraft,mom,0.0194,0,ok,-0.1419,-12.20,28.0,0.2267,12.66,0.3686,24.86
54,Preening Champion,mom,0.2106,0,ok,-0.0226,-7.14,20.0,0.2513,16.07,0.2739,23.21
55,Placid Rottentail,mom,0.6648,1,ok,0.0899,-4.41,57.0,0.1640,5.34,0.0741,9.75
56,Tranquility,brb,-0.3194,0,ok,0.2244,44.10,22.0,0.3974,47.90,0.1730,3.80
57,Tranquility,brb,-0.5115,0,ok,0.2264,46.63,-5.0,0.3994,50.43,0.1730,3.80
58,Turn to Dust,mrd,1.3941,1,ok,0.1500,-10.96,134.0,0.1954,10.38,0.0454,21.35
59,Thrive,plst,0.3430,0,ok,-0.0191,-23.41,-37.0,0.1953,29.84,0.2144,53.26
60,Thrive,plst,0.4430,0,ok,-0.1564,-20.29,81.0,0.0580,32.97,0.2144,53.26
61,Thrive,plst,0.4858,1,ok,-0.0183,-27.43,-29.0,0.1961,25.83,0.2144,53.26
62,Tel-Jilad Defiance,som,0.7451,1,ok,0.1702,-23.57,-71.0,0.2066,20.85,0.0363,44.42
63,Tel-Jilad Defiance,som,0.6193,1,ok,0.2148,-13.99,-75.0,0.2512,30.43,0.0363,44.42
64,Toil to Renown,shm,0.0994,0,ok,0.1314,-4.41,-81.0,0.1710,10.98,0.0397,15.40
65,Savage Silhouette,zen,0.7438,1,ok,0.2084,-5.35,-3.0,0.2235,19.30,0.0151,24.64
66,Savage Silhouette,zen,0.7763,1,ok,0.1680,-12.29,-7.0,0.1832,12.35,0.0151,24.64
67,Stream of Life,2ed,-0.5680,0,ok,-0.0293,13.81,-27.0,0.1516,21.07,0.1809,7.26
68,Stream of Life,2ed,-0.1391,0,ok,0.0320,12.40,15.0,0.2128,19.65,0.1809,7.26
69,Sylvan Bounty,mma,0.3101,0,ok,-0.0282,-14.59,6.0,0.2054,8.70,0.2337,23.29
70,Savage Silhouette,zen,0.9432,1,ok,0.1945,-1.19,66.0,0.2096,23.45,0.0151,24.64
71,Strength of Cedars,chk,0.8814,1,ok,0.1793,-10.54,16.0,0.1940,9.14,0.0147,19.68
72,Stream of Life,2ed,-0.5248,0,ok,-0.0207,20.70,11.0,0.1602,27.96,0.1809,7.26
73,Sylvan Bounty,mma,0.0000,0,insufficient_bright,,,,0.0000,0.00,0.0000,0.00
74,Sylvan Bounty,mma,0.6961,1,ok,-0.0339,-15.11,84.0,0.1998,8.17,0.2337,23.29
75,Savage Silhouette,zen,0.7866,1,ok,0.1680,-9.91,7.0,0.1831,14.73,0.0151,24.64
76,Savage Conception,plst,1.2437,1,ok,0.1928,-16.62,50.0,0.2220,13.69,0.0293,30.31
77,Scent of Ivy,uds,-0.1118,0,ok,0.1847,5.23,-107.0,0.1930,68.59,0.0084,63.36
78,Sprout,tsp,0.2200,0,ok,0.1575,-2.90,-65.0,0.1978,26.46,0.0403,29.36
79,Shrink,hml,1.3551,1,ok,0.3041,-19.31,-8.0,0.3104,45.57,0.0063,64.87
80,Shrink,hml,-1.6823,0,ok,0.0784,52.30,-122.0,0.0847,117.17,0.0063,64.87
81,Slingbow Trap,wwk,0.1730,0,ok,0.1164,-12.35,-97.0,0.1473,12.21,0.0309,24.56
82,Regeneration,7ed,1.6171,1,ok,0.2243,-29.37,42.0,0.2406,7.80,0.0163,37.17
83,Regeneration,7ed,0.6631,1,ok,0.1262,-24.58,-66.0,0.1425,12.59,0.0163,37.17
84,Regeneration,7ed,0.9373,1,ok,0.1860,-28.38,-66.0,0.2023,8.80,0.0163,37.17
85,Regeneration,7ed,1.9902,1,ok,0.3304,-29.56,52.0,0.3467,7.61,0.0163,37.17
86,Regeneration,ice,0.1725,0,ok,0.0909,-7.79,-59.0,0.1176,74.71,0.0267,82.50
87,Regeneration,ice,0.4574,1,ok,0.1042,-17.59,-59.0,0.1309,64.91,0.0267,82.50
88,Rites of Spring,ody,-0.5500,0,ok,0.1806,19.88,-119.0,0.1908,81.51,0.0101,61.64
89,Reins of the Vinesteed,mor,0.9456,1,ok,0.1390,-10.94,51.0,0.1508,8.76,0.0117,19.70
90,Regenerate,m10,0.5935,1,ok,0.1388,-22.68,-78.0,0.2075,11.84,0.0687,34.52
91,Regenerate,m10,0.5751,1,ok,0.0942,-25.90,-71.0,0.1628,8.61,0.0687,34.52
92,Regenerate,m10,0.4839,1,ok,0.1162,-21.22,-79.0,0.1848,13.30,0.0687,34.52
93,Reality Anchor,tmp,-0.9002,0,ok,0.2212,34.15,-142.0,0.2299,68.14,0.0087,33.99
94,Reality Anchor,tmp,-0.9254,0,ok,0.2156,34.08,-144.0,0.2243,68.07,0.0087,33.99
95,Naturalize,dpa,0.0188,0,ok,0.1552,10.48,-37.0,0.2574,29.40,0.1022,18.93
96,Naturalize,m14,-0.5268,0,ok,-0.2093,-9.44,-27.0,0.0732,25.51,0.2824,34.95
97,Naturalize,dpa,-0.1162,0,ok,0.1083,10.04,-38.0,0.2104,28.96,0.1022,18.93
98,Naturalize,dpa,0.0190,0,ok,0.1120,6.08,-33.0,0.2142,25.00,0.1022,18.93
99,Naturalize,dpa,0.7400,1,ok,0.2345,6.35,39.0,0.3367,25.27,0.1022,18.93
100,Naturalize,roe,-0.1429,0,ok,0.1282,16.90,-21.0,0.2314,31.48,0.1032,14.58
101,Naturalize,ala,0.2005,0,ok,0.2090,-2.13,-96.0,0.2324,23.50,0.0234,25.63
102,Naturalize,isd,-0.0558,0,ok,-0.0047,-2.74,-22.0,0.2225,15.47,0.2273,18.21
103,Naturalize,isd,-0.0721,0,ok,-0.0323,-5.19,-21.0,0.1950,13.01,0.2273,18.21
104,Roots,hml,0.0033,0,ok,0.0311,12.00,42.0,0.0369,37.39,0.0058,25.40
105,Roots,hml,-0.3921,0,ok,0.0763,30.84,30.0,0.0822,56.24,0.0058,25.40
106,Root Cage,pcy,-1.4754,0,ok,0.1664,49.79,-146.0,0.1729,67.09,0.0065,17.30
107,Rites of Spring,cmb2,-0.2423,0,ok,0.0646,0.84,-83.0,0.0747,62.47,0.0101,61.64
108,Resounding Roar,ala,1.1173,1,ok,0.1835,-17.08,28.0,0.2043,4.91,0.0208,21.99
109,Reins of the Vinesteed,mor,0.3118,0,ok,0.1816,-7.08,-82.0,0.1933,12.62,0.0117,19.70
110,Pistus Strike,mbs,1.4718,1,ok,0.1703,-40.84,-12.0,0.2406,27.87,0.0703,68.72
111,Primal Cocoon,m11,0.3590,0,ok,0.1713,-7.41,-68.0,0.1970,12.20,0.0257,19.61
112,Petrified Plating,fut,1.3184,1,ok,0.2112,-38.80,-57.0,0.2397,23.04,0.0285,61.84
113,Aggressive Urge,inv,1.4098,1,ok,0.1743,-33.28,11.0,0.1833,4.74,0.0090,38.02
114,Skittering Surveyor,mom,-0.0248,0,ok,0.0412,6.74,4.0,0.2095,21.34,0.1683,14.61
115,Dreg Recycler,mom,-0.8658,0,ok,-0.1257,19.34,-1.0,0.0632,23.92,0.1889,4.57
116,Timberland Ancient,mom,0.5048,1,ok,0.0609,-6.48,32.0,0.1751,9.80,0.1141,16.28
117,Nezumi Informant,mom,0.2387,0,ok,-0.0171,-6.00,28.0,0.2037,19.64,0.2208,25.64
118,Coming In Hot,mom,-1.2248,0,ok,-0.0496,9.64,-167.0,0.2623,53.76,0.3119,44.11
119,Enduring Bondwarden,mom,0.2746,0,ok,-0.1312,-7.13,98.0,0.2831,15.29,0.4143,22.42
120,Akki Scrapchomper,mom,-1.0877,0,ok,0.0101,12.31,-162.0,0.2544,35.85,0.2443,23.53
121,Sunder the Gateway,mom,-0.1708,0,ok,-0.0683,1.03,12.0,0.2936,9.56,0.3619,8.53
122,Aetherblade Agent // Gitaxian Mindstinger,mom,-0.0677,0,ok,-0.0139,-0.96,-10.0,0.1803,5.05,0.1942,6.01
123,Wrenn's Resolve,cmb1,-0.4000,0,ok,0.0025,14.90,-7.0,0.2962,43.45,0.2937,28.55
124,Meeting of Minds,mom,0.0462,0,ok,-0.0630,-7.41,10.0,0.2286,12.64,0.2916,20.05
125,Akki Scrapchomper,mom,-1.1512,0,ok,0.0180,15.21,-165.0,0.2623,38.74,0.2443,23.53
126,Kor Halberd,mom,-1.2387,0,ok,-0.0922,8.48,-150.0,0.2411,13.46,0.3333,4.98
127,Scrollshift,mom,-1.2008,0,ok,-0.1062,5.89,-147.0,0.2366,14.06,0.3428,8.17
128,Alabaster Host Sanctifier,mom,-0.0808,0,ok,-0.0446,0.68,14.0,0.2973,8.25,0.3419,7.57
129,Enduring Bondwarden,mom,0.3690,0,ok,-0.0722,4.18,138.0,0.3422,26.60,0.4143,22.42
130,Kithkin Billyrider,mom,-0.3504,0,ok,-0.1031,2.85,6.0,0.2669,11.11,0.3700,8.26
131,Akki Scrapchomper,mom,-0.9347,0,ok,0.0577,13.12,-156.0,0.3020,36.65,0.2443,23.53
132,Pyretic Prankster // Glistening Goremonger,mom,-0.8491,0,ok,0.0312,6.71,-155.0,0.3109,42.70,0.2797,35.99
133,Wrenn's Resolve,cmb1,-0.3353,0,ok,-0.0136,10.18,-8.0,0.2801,38.72,0.2937,28.55
134,Final Flourish,mom,-0.1454,0,ok,0.0089,4.89,-10.0,0.1959,12.06,0.1870,7.17
135,Vanquish the Weak,mom,0.0293,0,ok,0.0243,5.34,18.0,0.2040,10.79,0.1797,5.45
136,Order of the Mirror // Order of the Alabaster Host,mom,0.0417,0,ok,-0.0637,-8.31,5.0,0.2214,18.56,0.2850,26.87
137,Alabaster Host Sanctifier,mom,-0.1307,0,ok,-0.0554,1.39,14.0,0.2866,8.96,0.3419,7.57
138,Etched Familiar,mom,-0.0734,0,ok,0.0122,0.60,-19.0,0.2096,5.79,0.1974,5.20
139,Ichor Shade,mom,0.1106,0,ok,0.0237,-0.58,5.0,0.1891,5.69,0.1654,6.27
140,Thrashing Frontliner,,-0.0353,0,ok,0.0588,8.88,2.0,0.2864,35.02,0.2276,26.14
141,Onakke Javelineer,mom,-0.1562,0,ok,0.0184,8.65,1.0,0.2834,36.23,0.2651,27.58
142,Seed of Hope,mom,0.4765,1,ok,0.1049,-6.67,-1.0,0.1802,9.75,0.0753,16.42
143,Kitesail,,0.2166,0,ok,0.1317,2.74,-22.0,0.2688,38.42,0.1371,35.68
144,Pyretic Prankster // Glistening Goremonger,mom,-0.9669,0,ok,0.0274,10.57,-157.0,0.3071,46.55,0.2797,35.99
145,Eyes of Gitaxias,mom,0.3914,0,ok,-0.0412,-1.00,98.0,0.2582,23.93,0.2993,24.93
146,Khenra Spellspear // Gitaxian Spellstalker,mom,-1.1399,0,ok,0.0463,18.35,-164.0,0.3103,52.93,0.2640,34.58
147,Wizard's Retort,plst,0.2335,0,ok,-0.1051,-20.15,9.0,0.2203,16.54,0.3254,36.69
148,Lucent Liminid,fut,-0.0223,0,ok,0.1429,15.45,-13.0,0.3372,29.50,0.1943,14.05
149,Lucent Liminid,fut,0.1430,0,ok,0.0850,-1.52,-30.0,0.2793,12.53,0.1943,14.05
150,Lightkeeper of Emeria,cmd,-0.6254,0,ok,-0.1629,6.88,7.0,0.2649,15.60,0.4277,8.73
151,Leonin Squire,5dn,0.6549,1,ok,-0.2562,-27.34,148.0,0.2203,16.61,0.4764,43.95
152,Leonin Squire,5dn,0.1747,0,ok,-0.1199,-20.98,2.0,0.3565,22.97,0.4764,43.95
153,Leonin Squire,5dn,1.1018,1,ok,-0.0399,-21.65,136.0,0.4366,22.30,0.4764,43.95
154,Guard Dogs,pls,0.0206,0,ok,0.0532,3.96,-8.0,0.2540,17.55,0.2008,13.59
155,Farrelite Priest,fem,1.3436,1,ok,0.2646,-5.40,83.0,0.3580,24.21,0.0935,29.61
156,Blade of the Sixth Pride,fut,0.4849,1,ok,0.3020,10.24,-33.0,0.3223,38.43,0.0203,28.19
157,Lightbringer,nem,0.8985,1,ok,0.1258,5.15,130.0,0.3123,15.96,0.1865,10.81
158,Makindi Shieldmate,zen,0.4368,0,ok,0.0868,4.15,56.0,0.3495,13.43,0.2627,9.28
159,Makindi Shieldmate,zen,0.4861,1,ok,0.0738,3.01,68.0,0.3365,12.29,0.2627,9.28
160,Metallurgeon,ala,0.4219,0,ok,0.0871,-7.42,-5.0,0.3200,14.90,0.2329,22.32
161,Monk Realist,cmd,-0.5854,0,ok,-0.1021,7.76,-17.0,0.2903,14.96,0.3924,7.19
162,Marsh Threader,wwk,0.5349,1,ok,0.0461,-12.87,15.0,0.3479,10.40,0.3019,23.27
163,Marsh Threader,wwk,-0.2838,0,ok,0.0353,-10.62,-131.0,0.3371,12.65,0.3019,23.27
164,Loxodon Mystic,mkm,-0.3228,0,ok,-0.3209,1.81,137.0,0.0778,22.56,0.3987,20.75
165,Loxodon Mystic,10e,0.3301,0,ok,0.1307,4.08,8.0,0.3445,18.01,0.2138,13.93
166,Luminous Guardian,ody,-0.5179,0,ok,0.0718,12.33,-85.0,0.2492,29.68,0.1774,17.35
167,Master Decoy,plst,0.1517,0,ok,0.1461,3.27,-41.0,0.2918,18.88,0.1456,15.61
168,Marsh Threader,wwk,0.2149,0,ok,0.0126,-5.88,6.0,0.3145,17.39,0.3019,23.27
169,Judge of Currents,lrw,0.0263,0,ok,0.0512,1.70,-17.0,0.3091,15.08,0.2579,13.38
170,Judge of Currents,lrw,0.8025,1,ok,0.0479,-1.95,122.0,0.3057,11.43,0.2579,13.38
171,Caravan Hurda,zen,-0.4296,0,ok,0.0036,2.01,-78.0,0.3338,19.27,0.3303,17.26
172,Charm Peddler,mmq,-0.4641,0,ok,0.0500,13.96,-53.0,0.2845,31.90,0.2344,17.94
173,Charm Peddler,mmq,-0.2521,0,ok,0.0235,4.10,-44.0,0.2579,22.04,0.2344,17.94
174,Courier Hawk,cns,0.5078,1,ok,-0.0884,-16.52,72.0,0.3005,8.55,0.3889,25.07
175,Combat Medic,fem,0.8975,1,ok,0.0998,-1.32,113.0,0.1883,15.17,0.0885,16.49
176,,all,0.0000,0,no_reference,,,,0.0142,35.02,0.0000,0.00
177,Combat Medic,fem,1.3045,1,ok,0.3104,2.07,85.0,0.3495,39.84,0.0391,37.77
178,Conclave Equenaut,mh2,0.0629,0,ok,-0.3601,-15.12,153.0,0.0693,11.66,0.4294,26.78
179,Changeling Sentinel,mor,-1.3127,0,ok,-0.1252,7.09,-152.0,0.0687,20.43,0.1939,13.34
180,Changeling Sentinel,dmr,-0.9308,0,ok,-0.1069,12.20,-61.0,0.0869,25.54,0.1939,13.34
181,Astral Wingspan,mom,0.0690,0,ok,-0.0542,-6.06,16.0,0.2694,20.69,0.3235,26.75
182,Astral Wingspan,mom,-0.1201,0,ok,-0.0713,-4.36,-3.0,0.2522,22.40,0.3235,26.75
183,Tandem Takedown,mom,-0.0092,0,ok,0.0740,1.84,-37.0,0.1952,18.69,0.1212,16.85
184,Glistening Deluge,cmb1,0.0269,0,ok,0.0174,-1.18,-11.0,0.2015,3.80,0.1840,4.99
185,Tiller of Flesh,mom,-0.1060,0,ok,-0.0348,1.06,5.0,0.2794,8.70,0.3143,7.64
186,Sun-Blessed Guardian // Furnace-Blessed Conqueror,mom,-0.1846,0,ok,-0.0560,0.06,-3.0,0.3039,14.68,0.3599,14.62
187,Merciless Repurposing,mom,-0.0756,0,ok,0.0010,-1.45,-23.0,0.1840,4.91,0.1830,6.36
188,Mirror-Shield Hoplite,mom,-0.3054,0,ok,-0.0152,9.99,-2.0,0.2299,26.17,0.2451,16.17
189,Botanical Brawler,mom,0.0762,0,ok,0.0541,4.45,5.0,0.2231,17.96,0.1690,13.51
190,Rampaging Geoderm,mom,-0.1633,0,ok,0.0297,8.90,-6.0,0.2364,29.83,0.2067,20.93
191,Herbology Instructor // Malady Invoker,mom,-0.2422,0,ok,-0.0053,21.25,61.0,0.0752,29.51,0.0805,8.25
192,Fearless Skald,mom,-0.3063,0,ok,0.0395,15.19,-9.0,0.2785,43.01,0.2390,27.82
193,Norn's Inquisitor,mom,-0.2091,0,ok,-0.0743,3.25,19.0,0.2563,13.43,0.3306,10.18
194,Zhalfirin Lancer,mom,-0.3079,0,ok,-0.0777,-1.01,-20.0,0.2488,7.22,0.3265,8.22
195,Botanical Brawler,mom,-0.0804,0,ok,0.0375,0.31,-37.0,0.2065,13.83,0.1690,13.51
196,Preening Champion,mom,-0.1582,0,ok,-0.0334,2.52,1.0,0.2405,25.73,0.2739,23.21
197,Crystal Carapace,mom,0.2959,0,ok,0.0275,-2.14,32.0,0.2239,13.92,0.1964,16.06
198,Realmbreaker's Grasp,mom,-0.1174,0,ok,-0.0605,0.44,15.0,0.2730,8.50,0.3335,8.06
199,Arachnoid Adaptation,mom,0.5656,1,ok,0.1236,-4.39,17.0,0.1946,6.68,0.0710,11.07
200,Alabaster Host Sanctifier,mom,-0.1538,0,ok,-0.0606,0.28,7.0,0.2813,7.85,0.3419,7.57
201,Flywheel Racer,mom,0.0982,0,ok,0.0109,-2.22,2.0,0.2151,13.60,0.2042,15.82
202,Inspired Charge,mom,-0.1807,0,ok,-0.0971,-3.63,4.0,0.3167,13.57,0.4138,17.20
203,Prava of the Steel Legion,plst,-0.9693,0,ok,0.0271,19.82,-111.0,0.0824,34.93,0.0553,15.11
204,Aquamoeba,tor,0.6254,1,ok,0.0588,10.84,144.0,0.2725,40.74,0.2137,29.90
205,Zombie Infestation,gpt,1.3909,1,ok,0.0839,-25.77,99.0,0.1120,51.78,0.0282,77.55
206,Empty the Warrens,dmr,-2.2911,0,ok,0.0543,65.76,-162.0,0.3490,102.47,0.2947,36.71
207,Swamp,dmr,-0.5230,0,ok,0.0923,39.59,38.0,0.1056,66.96,0.0133,27.37
208,Dragon Whelp,dmr,1.0688,1,ok,0.2255,10.31,130.0,0.3161,52.97,0.0906,42.66
209,Symbiotic Beast,dmr,0.0946,0,ok,-0.0227,21.89,142.0,0.1550,32.96,0.1777,11.07
210,Vigilant Sentry,jud,-0.2430,0,ok,0.0655,25.78,41.0,0.3128,44.43,0.2473,18.65
211,Kjeldoran Gargoyle,csp,-1.0552,0,ok,-0.1093,28.09,-5.0,0.2624,37.41,0.3717,9.32
212,Macetail Hystrodon,lgn,1.7856,1,ok,0.1043,-32.31,133.0,0.2686,78.63,0.1643,110.94
213,Sandsteppe Citadel,plst,-0.1284,0,ok,-0.2342,-12.97,50.0,0.0992,41.92,0.3334,54.89
214,Path of Ancestry,khc,-1.8488,0,ok,-0.2885,9.53,-149.0,0.0661,39.71,0.3547,30.18
215,Mountain,mom,-0.5769,0,ok,-0.0159,0.97,-101.0,0.1173,67.93,0.1332,66.97
216,Swamp,cmb2,-0.4919,0,ok,0.0301,17.68,-28.0,0.0580,52.02,0.0280,34.33
217,Plains,c19,-0.8674,0,ok,-0.2778,-12.44,-69.0,0.0974,29.77,0.3752,42.20
218,Forest,m20,0.8295,1,ok,0.2210,-17.66,-55.0,0.3174,14.21,0.0964,31.87
219,Eyeblight Assassin,ema,-1.0221,0,ok,-0.0798,33.51,11.0,0.1546,38.84,0.2344,5.34
220,Elvish Doomsayer,mh2,-1.0838,0,ok,-0.1190,32.47,17.0,0.1108,38.78,0.2298,6.31
221,Kinsbaile Courier,cmr,-0.3710,0,ok,-0.0817,-0.77,-29.0,0.3321,12.26,0.4138,13.02
222,Maalfeld Twins,cmb2,-0.3690,0,ok,-0.1476,21.05,120.0,0.1156,39.48,0.2632,18.44
223,Elvish Doomsayer,mh2,-1.1316,0,ok,-0.0749,39.28,15.0,0.1549,45.59,0.2298,6.31
224,Vow of Duty,cma,0.5043,1,ok,0.0622,-2.91,49.0,0.3941,13.19,0.3319,16.10
225,Fleshbag Marauder,cmr,-0.7419,0,ok,-0.0464,2.91,-106.0,0.2424,30.95,0.2888,28.04
226,Sanitarium Skeleton,c19,0.3550,0,ok,-0.0125,-10.50,26.0,0.3006,29.86,0.3130,40.36
227,Goblin Trailblazer,plst,-1.0387,0,ok,-0.0477,5.03,-154.0,0.3071,44.40,0.3547,39.37
228,Goblin Trailblazer,plst,0.1912,0,ok,0.0592,-5.55,-25.0,0.4139,33.82,0.3547,39.37
229,Sandstone Oracle,ima,0.3964,0,ok,-0.0271,-14.31,24.0,0.2526,9.34,0.2798,23.65
230,Brass Herald,cmr,-0.1063,0,ok,-0.0937,-3.40,18.0,0.2283,11.65,0.3220,15.04
231,Fiery Cannonade,cmr,-0.0465,0,ok,-0.0289,-1.21,2.0,0.3431,54.40,0.3720,55.61
232,Dragon Egg,plst,-0.8663,0,ok,0.0129,4.60,-158.0,0.3210,51.23,0.3080,46.63
233,Sparktongue Dragon,cmr,-0.7580,0,ok,-0.0351,-3.09,-146.0,0.3130,40.08,0.3481,43.16
234,Lightning-Rig Crew,cmr,-0.4009,0,ok,-0.0537,1.99,-38.0,0.3939,39.38,0.4476,37.39
235,Rupture Spire,cma,0.3948,0,ok,0.0008,-16.09,-2.0,0.2676,31.29,0.2667,47.38
236,Pilgrim's Eye,scd,0.3434,0,ok,-0.0157,-7.83,39.0,0.2816,20.23,0.2973,28.06
237,Marble Diamond,c14,0.6082,1,ok,0.1216,-13.14,-17.0,0.3799,32.31,0.2583,45.44
238,Trusty Packbeast,cmr,-0.2902,0,ok,-0.0617,5.40,6.0,0.3779,16.28,0.4396,10.87
239,Fertilid,cmr,-0.5055,0,ok,-0.0272,6.35,-53.0,0.2393,16.92,0.2665,10.57
240,Howling Golem,cmr,-0.3221,0,ok,-0.1087,0.44,3.0,0.2312,13.88,0.3399,13.44
241,Ripscale Predator,cmr,-0.9408,0,ok,-0.0303,7.00,-135.0,0.3580,48.15,0.3883,41.15
242,Ninth Bridge Patrol,kld,-0.3441,0,ok,0.0063,3.92,-53.0,0.3799,24.67,0.3736,20.75
243,Galestrike,akh,0.1809,0,ok,-0.0010,-5.35,10.0,0.4259,41.57,0.4268,46.92
244,Jalum Tome,cmr,-0.8938,0,ok,-0.1212,7.40,-69.0,0.3274,53.73,0.4487,46.33
245,Spontaneous Mutation,inr,1.0874,1,ok,-0.0418,-20.11,142.0,0.2637,12.49,0.3055,32.60
246,Portent of Betrayal,cmr,-0.2795,0,ok,0.0077,0.30,-59.0,0.4091,37.52,0.4014,37.22
247,Humble Defector,plst,0.8483,1,ok,0.1571,-14.48,3.0,0.4763,46.85,0.3193,61.33
248,Dhund Operative,fut,-1.6196,0,ok,-0.1265,43.41,-31.0,0.1240,57.22,0.2505,13.81
249,The Prismatic Piper,cmr,-1.0573,0,ok,0.0309,17.01,-145.0,0.1811,44.82,0.1502,27.82
250,Revenant,cmr,0.1030,0,ok,0.0005,0.54,23.0,0.2542,15.92,0.2536,15.38
251,Soul's Might,ala,0.2693,0,ok,0.2086,-0.14,-72.0,0.2323,14.61,0.0237,14.75
252,Annoyed Altisaur,mh3,-0.0016,0,ok,0.0051,3.07,12.0,0.1994,21.03,0.1944,17.95
253,Makeshift Munitions,cmr,-0.4242,0,ok,-0.0566,5.58,-23.0,0.3441,50.23,0.4007,44.65
254,Wild Celebrants,cmr,-0.9576,0,ok,-0.0110,6.98,-150.0,0.3462,46.51,0.3572,39.53
255,Molder Beast,cmr,-0.4583,0,ok,-0.0741,1.84,-38.0,0.2111,11.56,0.2852,9.72
256,"Ich-Tekik, Salvage Splicer",cmr,-0.3746,0,ok,-0.0673,1.51,-27.0,0.1947,10.59,0.2620,9.08
257,The Prismatic Piper,cmr,-1.3480,0,ok,0.0056,24.59,-150.0,0.1558,52.40,0.1502,27.82
258,Howling Golem,cmr,0.3200,0,ok,-0.0687,-6.84,71.0,0.2712,6.60,0.3399,13.44
259,Seek the Horizon,plst,0.7271,1,ok,0.0621,-18.43,16.0,0.2141,16.43,0.1520,34.86
260,Devilthorn Fox,plst,0.2797,0,ok,-0.0809,-13.89,35.0,0.3281,12.74,0.4090,26.64
261,Disenchant,m20,0.2174,0,ok,-0.0631,-5.27,55.0,0.4040,19.48,0.4672,24.75
262,Lone Missionary,mm3,0.3789,0,ok,-0.0487,-3.20,89.0,0.3630,12.42,0.4116,15.62
263,Lightform,plst,-0.1278,0,ok,0.0058,0.81,-25.0,0.3333,15.99,0.3275,15.18
264,Unflinching Courage,dgm,0.7604,1,ok,0.0476,-11.31,67.0,0.3128,24.94,0.2652,36.25
265,Faithbearer Paladin,plst,-0.2334,0,ok,0.0086,6.56,-19.0,0.4004,29.11,0.3918,22.54
266,Wolfkin Bond,m20,0.7932,1,ok,0.0318,-8.71,96.0,0.2618,5.29,0.2300,14.00
267,Canopy Spider,m20,0.5774,1,ok,0.0692,-15.79,-5.0,0.2333,15.31,0.1641,31.10
268,Sky Diamond,voc,0.5691,1,ok,-0.0019,-1.99,105.0,0.2946,10.50,0.2965,12.49
269,Moss Diamond,c14,0.2799,0,ok,0.0522,-11.13,-31.0,0.2595,18.00,0.2072,29.13
270,Skaab Goliath,ori,1.3563,1,ok,-0.0322,-29.92,141.0,0.2352,9.40,0.2674,39.31
271,Flood of Recollection,rix,1.3993,1,ok,-0.0680,-35.53,143.0,0.3099,17.24,0.3779,52.77
272,Prying Eyes,rna,0.7450,1,ok,-0.0463,-25.16,51.0,0.3368,18.07,0.3832,43.22
273,Moss Diamond,c14,0.6951,1,ok,0.1018,-12.39,16.0,0.3090,16.74,0.2072,29.13
274,Maelstrom Colossus,cmr,-0.1448,0,ok,-0.1596,-7.55,29.0,0.2005,9.04,0.3600,16.59
275,Ingenuity Engine,cmr,0.1012,0,ok,-0.1065,-3.63,66.0,0.2660,15.47,0.3725,19.10
276,Scholar of the Ages,m20,0.6551,1,ok,-0.1403,-36.24,34.0,0.3171,27.07,0.4575,63.31
277,Seer's Lantern,cmr,-0.8597,0,ok,-0.0887,40.94,86.0,0.2491,54.05,0.3378,13.11
278,Nezumi Informant,mom,0.0906,0,ok,0.0362,-0.48,-6.0,0.2570,25.16,0.2208,25.64
279,Redcap Heelslasher,mom,-0.6490,0,ok,0.0394,15.88,-74.0,0.2867,38.97,0.2473,23.08
280,Angelic Intervention,mom,0.1357,0,ok,0.0617,8.78,34.0,0.4556,24.14,0.3939,15.36
281,Saiba Cryptomancer,mom,0.2356,0,ok,0.0135,0.59,42.0,0.3238,26.88,0.3103,26.29
282,Scrollshift,mom,-0.1983,0,ok,-0.0194,3.01,-13.0,0.3234,11.18,0.3428,8.17
283,Kor Halberd,mom,-0.4432,0,ok,-0.0210,9.21,-30.0,0.3124,14.19,0.3333,4.98
284,Moment of Truth,mom,0.3852,0,ok,-0.0068,-6.82,47.0,0.3132,14.46,0.3200,21.28
285,Cosmic Hunger,mom,0.0845,0,ok,0.1278,11.55,-2.0,0.2273,23.38,0.0995,11.83
286,Failed Conversion,mom,0.2668,0,ok,0.0794,5.85,35.0,0.3586,20.21,0.2792,14.36
287,Mirran Banesplitter,mom,-0.3379,0,ok,0.0999,24.91,-3.0,0.3468,49.93,0.2468,25.02
288,Temporal Cleansing,mom,1.0152,1,ok,-0.0573,-21.88,128.0,0.2614,12.12,0.3187,34.00
289,Urn of Godfire,mom,-0.0326,0,ok,0.0137,18.94,80.0,0.1961,32.50,0.1824,13.56
290,Mirrodin Avenged,mom,-1.2390,0,ok,-0.1265,27.78,-33.0,0.0943,33.69,0.2208,5.91
291,Realmbreaker's Grasp,mom,0.0657,0,ok,0.0386,4.21,11.0,0.3722,12.27,0.3335,8.06
292,Bonded Herdbeast // Plated Kilnbeast,mom,-0.0972,0,ok,0.0967,12.90,-13.0,0.2081,31.04,0.1114,18.14
293,Aetherblade Agent // Gitaxian Mindstinger,mom,-0.1433,0,ok,-0.0047,-1.23,-32.0,0.1895,4.77,0.1942,6.01
294,Consuming Aetherborn,mom,0.0871,0,ok,0.0769,5.94,1.0,0.2677,16.87,0.1908,10.93
295,Wrenn's Resolve,plst,-0.1879,0,ok,0.0451,13.53,3.0,0.3388,42.08,0.2937,28.55
296,Meeting of Minds,mom,0.0074,0,ok,-0.0003,-0.33,0.0,0.2913,19.72,0.2916,20.05
297,Vengeant Earth,mom,0.5523,1,ok,0.1792,-0.79,-1.0,0.2409,11.26,0.0617,12.05
298,Sheoldred's Headcleaver,one,0.5866,1,ok,-0.0223,1.66,139.0,0.2476,18.87,0.2699,17.21
299,Free from Flesh,tbng,0.3324,0,ok,0.0370,-9.26,-2.0,0.4145,39.42,0.3775,48.68
300,Sheoldred's Headcleaver,one,0.8679,1,ok,-0.0373,-11.99,136.0,0.2327,5.22,0.2699,17.21
301,Karsus Depthguard,mom,-0.8761,0,ok,0.0276,18.95,-97.0,0.2888,45.48,0.2612,26.52
302,Skittering Surveyor,mom,0.1430,0,ok,0.0773,4.75,6.0,0.2456,19.36,0.1683,14.61
303,Angelic Intervention,mom,-0.0606,0,ok,-0.0498,5.84,47.0,0.3441,21.20,0.3939,15.36
304,Tarkir Duneshaper // Burnished Dunestomper,mom,-0.2499,0,ok,0.0116,9.78,-8.0,0.3634,22.70,0.3518,12.92
305,Arachnoid Adaptation,mom,0.3028,0,ok,0.1307,1.37,-11.0,0.2017,12.44,0.0710,11.07
306,Realmbreaker's Grasp,mom,-0.0959,0,ok,-0.0179,3.69,10.0,0.3157,11.75,0.3335,8.06
307,Timberland Ancient,mom,0.1018,0,ok,0.0835,1.34,-23.0,0.1976,17.62,0.1141,16.28
308,Expedition Lookout,mom,0.0712,0,ok,-0.0323,-4.72,10.0,0.2538,19.99,0.2861,24.71
309,Coming In Hot,mom,-1.0412,0,ok,0.0720,18.89,-157.0,0.3838,63.00,0.3119,44.11
310,Etched Familiar,mom,0.0382,0,ok,0.0355,-0.07,-14.0,0.2329,5.13,0.1974,5.20
311,Blighted Burgeoning,mom,0.1856,0,ok,0.1051,2.39,-14.0,0.2116,12.85,0.1066,10.47
312,Bloodfell Caves,mom,0.0134,0,ok,0.1114,-8.36,-106.0,0.1803,85.45,0.0689,93.81
313,Skittering Surveyor,mom,0.2750,0,ok,0.1084,1.80,-1.0,0.2767,16.41,0.1683,14.61
314,Corrupted Conviction,mom,-0.0182,0,ok,-0.0059,-1.38,-7.0,0.2084,4.08,0.2143,5.47
315,Knight of the New Coalition,mom,-0.0997,0,ok,-0.0110,3.87,6.0,0.3342,12.26,0.3452,8.39
316,Traumatic Revelation,mom,-0.0121,0,ok,0.0177,1.81,-4.0,0.2323,7.61,0.2146,5.80
317,Assimilate Essence,mom,0.3049,0,ok,-0.0432,-10.38,35.0,0.2777,21.83,0.3209,32.21
318,Wildwood Escort,mom,0.3380,0,ok,0.1258,0.57,-5.0,0.2231,9.55,0.0973,8.98
319,Volcanic Spite,mom,-0.1507,0,ok,0.0645,15.16,7.0,0.3348,48.95,0.2704,33.79
320,Eyes of Gitaxias,mom,0.6217,1,ok,-0.0037,-0.51,124.0,0.2957,24.42,0.2993,24.93
321,Urn of Godfire,mom,0.2124,0,ok,0.0227,-3.97,9.0,0.2052,9.59,0.1824,13.56
322,Infected Defector,mom,-0.2592,0,ok,-0.0796,0.62,-1.0,0.2850,11.68,0.3646,11.06
323,Slither Blade,znc,0.8972,1,ok,0.0314,-7.12,125.0,0.3871,20.53,0.3557,27.66
324,Embodiment of Spring,plst,0.2922,0,ok,-0.0968,-10.51,64.0,0.3424,12.33,0.4392,22.83
325,Fathom Seer,tsp,1.0529,1,ok,0.0668,-20.70,67.0,0.3143,15.60,0.2475,36.31
326,Coralhelm Guide,bbd,0.2318,0,ok,0.0409,3.03,37.0,0.3720,29.07,0.3311,26.04
327,"Syr Elenora, the Discerning",eld,0.6098,1,ok,-0.0416,-21.39,40.0,0.3659,22.98,0.4075,44.37
328,Carnivorous Moss-Beast,plst,0.5635,1,ok,0.0443,-19.42,-11.0,0.2314,7.07,0.1871,26.49
329,Desert Cerodon,akh,1.2131,1,ok,0.0670,-13.08,137.0,0.4221,33.43,0.3551,46.51
330,Aggressive Instinct,gs1,0.8776,1,ok,0.0491,-11.01,91.0,0.3190,15.76,0.2699,26.78
331,Keldon Overseer,plst,1.3109,1,ok,0.0432,-20.25,135.0,0.3618,30.94,0.3186,51.19
332,Time to Feed,ddo,1.9703,1,ok,0.2390,-39.54,53.0,0.3271,20.90,0.0881,60.44
333,Sun-Crowned Hunters,xln,0.3105,0,ok,0.0637,-9.77,-25.0,0.3924,35.46,0.3287,45.24
334,Charging Monstrosaur,plst,0.9256,1,ok,0.0133,-10.04,127.0,0.3396,31.26,0.3263,41.29
335,Brazen Wolves,j22,0.0362,0,ok,0.0157,-3.96,-22.0,0.3422,28.96,0.3265,32.92
336,Titanic Growth,m20,1.5853,1,ok,0.1149,-28.02,108.0,0.3659,22.70,0.2510,50.72
337,Rhox Maulers,ori,1.0876,1,ok,0.1267,-13.70,73.0,0.3261,26.09,0.1994,39.79
338,Silkweaver Elite,plst,0.5734,1,ok,-0.0050,-9.13,72.0,0.2966,11.21,0.3016,20.34
339,Spikeshot Goblin,a25,1.2307,1,ok,0.0151,-20.61,134.0,0.3342,33.77,0.3190,54.39
340,Furnace Whelp,ima,-0.5100,0,ok,0.0245,-7.66,-155.0,0.3265,33.72,0.3020,41.38
341,Roast,dtk,0.7531,1,ok,0.0438,-24.06,4.0,0.4434,41.97,0.3996,66.03
342,Prey's Vengeance,ima,0.7371,1,ok,0.0502,-21.26,11.0,0.4279,58.29,0.3777,79.55
343,Lonesome Unicorn // Rider in Need,plst,-0.1254,0,ok,-0.0293,1.50,0.0,0.3190,15.12,0.3483,13.61
344,Enduring Victory,dtk,1.2156,1,ok,0.1215,-12.65,107.0,0.4622,12.69,0.3407,25.33
345,Snubhorn Sentry,rix,0.4476,0,ok,-0.0370,2.86,126.0,0.3498,18.08,0.3867,15.22
346,Borderland Explorer,plst,1.1474,1,ok,0.1791,-5.61,94.0,0.3574,18.13,0.1784,23.74
347,Alpine Grizzly,ktk,0.9429,1,ok,0.0542,-14.21,85.0,0.3461,8.96,0.2919,23.17
348,Bloodrite Invoker,plst,0.8787,1,ok,0.0357,-16.07,74.0,0.2716,23.64,0.2359,39.71
349,Dread Drone,cmm,0.7265,1,ok,0.0615,6.32,140.0,0.3039,15.09,0.2424,8.77
350,Woolly Thoctar,plst,1.4773,1,ok,0.1203,-19.25,127.0,0.3730,30.79,0.2527,50.04
351,Outnumber,plst,0.6311,1,ok,0.0008,-25.74,-3.0,0.3362,35.86,0.3353,61.60
352,Festercreep,cm2,0.4911,1,ok,0.0569,2.78,78.0,0.3471,14.79,0.2903,12.02
353,Kraul Foragers,plst,0.6649,1,ok,-0.0144,-18.73,48.0,0.2025,9.82,0.2169,28.55
354,Glint-Sleeve Artisan,2xm,-0.0988,0,ok,0.0159,3.06,-14.0,0.3997,12.39,0.3838,9.33
355,Chatter of the Squirrel,2xm,-1.8775,0,ok,-0.0555,48.84,-98.0,0.2303,60.56,0.2858,11.72
356,Sorcerer's Broom,eld,0.8829,1,ok,0.0359,-10.21,104.0,0.3490,9.52,0.3131,19.73
357,,sld,0.0000,0,no_reference,,,,0.0222,106.14,0.0000,0.00
358,Inquisitor's Ox,plst,1.1870,1,ok,-0.0178,-20.02,148.0,0.3608,9.30,0.3786,29.32
359,Peace Strider,2xm,0.3033,0,ok,0.0836,1.29,17.0,0.4903,23.15,0.4068,21.86
360,Pouncing Cheetah,plst,0.9282,1,ok,0.0302,-8.50,125.0,0.2614,5.65,0.2312,14.15
361,Divine Favor,m12,0.7381,1,ok,0.0428,-8.78,78.0,0.3175,7.15,0.2746,15.93
362,Kor Chant,cns,0.8498,1,ok,0.0758,-5.90,95.0,0.4032,13.87,0.3274,19.77
