scan_num,verdict
5,nonfoil
28,nonfoil
33,nonfoil
35,nonfoil
41,nonfoil
52,nonfoil
53,nonfoil
57,nonfoil
59,nonfoil
62,nonfoil
70,nonfoil
71,nonfoil
75,nonfoil
83,nonfoil
85,nonfoil
88,nonfoil
98,nonfoil
102,nonfoil
113,nonfoil
122,nonfoil
125,nonfoil
127,nonfoil
130,nonfoil
134,nonfoil
139,nonfoil
141,nonfoil
143,nonfoil
144,nonfoil
148,nonfoil
152,nonfoil
165,nonfoil
167,nonfoil
180,nonfoil
182,nonfoil
184,nonfoil
187,nonfoil
189,nonfoil
193,nonfoil
199,nonfoil
204,nonfoil
223,nonfoil
227,nonfoil
232,nonfoil
234,nonfoil
238,nonfoil
242,nonfoil
245,nonfoil
246,nonfoil
250,nonfoil
253,nonfoil
317,nonfoil
320,nonfoil
345,nonfoil
348,nonfoil
350,nonfoil
353,nonfoil
358,foil
360,nonfoil
373,nonfoil
381,nonfoil
382,nonfoil
390,foil
391,nonfoil
393,nonfoil
397,nonfoil
407,nonfoil
415,foil
416,foil
427,nonfoil
438,nonfoil
439,nonfoil
465,nonfoil
479,foil
512,nonfoil
516,foil
517,nonfoil
519,nonfoil
521,nonfoil
522,nonfoil
524,nonfoil
526,nonfoil
528,nonfoil
533,nonfoil
568,nonfoil
580,nonfoil
581,nonfoil
586,nonfoil
591,nonfoil
594,nonfoil
626,nonfoil
650,nonfoil
651,nonfoil
653,nonfoil
669,nonfoil
688,nonfoil
691,nonfoil
692,nonfoil
694,nonfoil
695,nonfoil
696,nonfoil
700,nonfoil
701,nonfoil
702,nonfoil
712,nonfoil
714,nonfoil
715,nonfoil
735,foil
737,nonfoil
742,nonfoil
798,nonfoil
806,nonfoil
810,nonfoil
812,nonfoil
820,nonfoil
823,nonfoil
825,nonfoil
830,nonfoil
831,nonfoil
832,nonfoil
833,nonfoil
834,nonfoil
835,nonfoil
849,nonfoil
853,nonfoil
855,nonfoil
885,nonfoil
893,nonfoil
908,nonfoil
909,nonfoil
914,nonfoil